"","gene","is.neg","geomean","Module"
"A2M","A2M",0,16.8078124885621,"lkp"
"ABCB1","ABCB1",0,33.7903146690001,"lkp"
"ABCF1","ABCF1",0,196.096093744494,"lkp"
"ABL1","ABL1",0,115.371239449092,"lkp"
"ACVR1B","ACVR1B",0,157.726563213355,"lkp"
"ACVR1C","ACVR1C",0,13.774847612383,"lkp"
"ACVR2A","ACVR2A",0,26.5428924138873,"lkp"
"ADA","ADA",0,124.920942935601,"lkp"
"ADAM12","ADAM12",0,14.2658775275905,"lkp"
"ADGRE1","ADGRE1",0,13.1768893132189,"lkp"
"ADM","ADM",0,48.4956418641807,"lkp"
"AICDA","AICDA",0,15.5707278381221,"lkp"
"AIRE","AIRE",0,13.7287884684284,"lkp"
"AKT1","AKT1",0,388.731729709327,"bkp"
"AKT2","AKT2",0,399.849846265412,"lkp"
"AKT3","AKT3",0,111.27973492199,"lkp"
"ALCAM","ALCAM",0,167.198672596928,"lkp"
"ALDOA","ALDOA",0,2248.37983057376,"lkp"
"ALDOC","ALDOC",0,171.51346057745,"lkp"
"ALK","ALK",0,9.18127086629925,"lkp"
"ALKBH2","ALKBH2",0,59.2812852829461,"lkp"
"ALKBH3","ALKBH3",0,74.2102636109948,"lkp"
"AMBP","AMBP",0,20.6134930214384,"lkp"
"AMER1","AMER1",0,26.8776533816245,"lkp"
"ANGPT1","ANGPT1",0,12.5113194920717,"lkp"
"ANGPT2","ANGPT2",0,10.0611747781068,"lkp"
"ANGPTL4","ANGPTL4",0,10.8101372470156,"lkp"
"ANLN","ANLN",0,182.330173606569,"lkp"
"ANP32B","ANP32B",0,2035.93339980069,"lkp"
"ANXA1","ANXA1",0,355.902770701199,"lkp"
"APC","APC",0,73.3026771195899,"lkp"
"APH1B","APH1B",0,34.2507113918244,"lkp"
"API5","API5",0,315.594250629436,"lkp"
"APLNR","APLNR",0,10.1749230484209,"lkp"
"APOL6","APOL6",0,45.7213237322978,"lkp"
"APP","APP",0,322.663704359566,"lkp"
"AQP9","AQP9",0,11.8107197961755,"lkp"
"AR","AR",0,22.8641009410299,"lkp"
"AREG","AREG",0,23.0968532133,"lkp"
"ARG1","ARG1",0,35.6001552053575,"bkp"
"ARG2","ARG2",0,29.0395716192371,"lkp"
"ARID1A","ARID1A",0,224.031590316945,"lkp"
"ARID1B","ARID1B",0,159.97288382077,"lkp"
"ARID2","ARID2",0,105.534790347887,"lkp"
"ARNT2","ARNT2",0,19.5891159808056,"lkp"
"ATF1","ATF1",0,108.68730931169,"lkp"
"ATF2","ATF2",0,121.027245000922,"lkp"
"ATF3","ATF3",0,172.065162613419,"lkp"
"ATG10","ATG10",0,29.6297960620624,"lkp"
"ATG12","ATG12",0,3817.32659283438,"lkp"
"ATG5","ATG5",0,69.8674342491221,"lkp"
"ATG7","ATG7",0,55.7215157229273,"lkp"
"ATM","ATM",0,139.801030851324,"lkp"
"ATR","ATR",0,77.9005172654725,"lkp"
"ATRX","ATRX",0,113.377642167318,"lkp"
"AXIN1","AXIN1",0,85.3618015560169,"lkp"
"AXL","AXL",0,24.7261783664407,"lkp"
"B2M","B2M",0,3821.41268423565,"bkp"
"BAIAP3","BAIAP3",0,39.051221331172,"lkp"
"BAMBI","BAMBI",0,56.0684233850436,"lkp"
"BAP1","BAP1",0,93.9787131998061,"lkp"
"BATF3","BATF3",0,69.7221154894298,"bkp"
"BAX","BAX",0,215.41240882162,"lkp"
"BBC3","BBC3",0,10.4887828323845,"lkp"
"BBS1","BBS1",0,58.6407689722095,"lkp"
"BCAT1","BCAT1",0,49.7550394573793,"lkp"
"BCL10","BCL10",0,111.260932855782,"lkp"
"BCL2","BCL2",0,62.9186143845075,"bkp"
"BCL2A1","BCL2A1",0,17.9150458504805,"lkp"
"BCL2L1","BCL2L1",0,227.4654112332,"bkp"
"BCL6","BCL6",0,52.2703157265622,"lkp"
"BCL6B","BCL6B",0,156.164724491434,"lkp"
"BCOR","BCOR",0,108.425822632053,"lkp"
"BDNF","BDNF",0,17.0820268803304,"lkp"
"BID","BID",0,38.7607733132427,"lkp"
"BIRC3","BIRC3",0,56.4143012627071,"lkp"
"BIRC5","BIRC5",0,154.332843460982,"lkp"
"BLK","BLK",0,21.389805985276,"lkp"
"BLM","BLM",0,44.7747018805975,"lkp"
"BLNK","BLNK",0,18.5714802928972,"lkp"
"BMP2","BMP2",0,26.2084876246383,"lkp"
"BMP4","BMP4",0,23.2890510000694,"lkp"
"BMP5","BMP5",0,10.4223348635689,"lkp"
"BMP6","BMP6",0,18.9587340398797,"lkp"
"BMP7","BMP7",0,35.2651965804176,"lkp"
"BMP8A","BMP8A",0,15.1754565519045,"lkp"
"BMPR1B","BMPR1B",0,18.8930331123088,"lkp"
"BNIP3L","BNIP3L",0,153.48624888756,"lkp"
"BRAF","BRAF",0,31.4736933049995,"lkp"
"BRCA1","BRCA1",0,82.0970273483798,"lkp"
"BRCA2","BRCA2",0,48.2640774276609,"lkp"
"BRD3","BRD3",0,107.833963888848,"lkp"
"BRD4","BRD4",0,367.274461305347,"lkp"
"BRIP1","BRIP1",0,64.6593784257523,"lkp"
"BST1","BST1",0,16.0139281056539,"lkp"
"BST2","BST2",0,149.232456613834,"lkp"
"BTK","BTK",0,31.1798093975625,"lkp"
"BTLA","BTLA",0,10.4132662015207,"lkp"
"C1orf43","C1orf43",0,437.968690507956,"lkp"
"C1QA","C1QA",0,30.1711541430201,"lkp"
"C1QB","C1QB",0,17.3543003314256,"lkp"
"C1QBP","C1QBP",0,848.133554303238,"lkp"
"C1R","C1R",0,36.7455156519495,"lkp"
"C1S","C1S",0,45.0235592369018,"lkp"
"C2","C2",0,18.3276061875237,"lkp"
"C3","C3",0,26.2560479620666,"lkp"
"C3AR1","C3AR1",0,11.6177718428258,"lkp"
"C4BPA","C4BPA",0,15.124989454659,"lkp"
"C5","C5",0,19.7280385804979,"lkp"
"C5AR1","C5AR1",0,12.9095639792697,"lkp"
"C6","C6",0,26.857396237582,"lkp"
"C7","C7",0,9.59752953967206,"lkp"
"C8A","C8A",0,11.0115255651781,"lkp"
"C8B","C8B",0,12.9258293022668,"lkp"
"C9","C9",0,11.1171271160146,"lkp"
"CACNA1C","CACNA1C",0,11.5325096357517,"lkp"
"CACNA1D","CACNA1D",0,10.6252289846124,"lkp"
"CACNA1E","CACNA1E",0,11.9378485132915,"lkp"
"CACNA1G","CACNA1G",0,15.9256390215703,"lkp"
"CACNA1H","CACNA1H",0,19.9700477334244,"lkp"
"CACNA2D1","CACNA2D1",0,32.7485004098531,"lkp"
"CACNA2D2","CACNA2D2",0,16.9759948632416,"lkp"
"CACNA2D3","CACNA2D3",0,19.3179367070822,"lkp"
"CACNA2D4","CACNA2D4",0,12.4176700465773,"lkp"
"CACNB2","CACNB2",0,11.46600859871,"lkp"
"CACNB3","CACNB3",0,56.436571304411,"lkp"
"CACNB4","CACNB4",0,16.6015754395729,"lkp"
"CACNG1","CACNG1",0,23.3847434800321,"lkp"
"CACNG4","CACNG4",0,14.3025303413941,"lkp"
"CACNG6","CACNG6",0,9.83933710858889,"lkp"
"CALML3","CALML3",0,16.5496526889501,"lkp"
"CALML6","CALML6",0,11.8232993176163,"lkp"
"CAMK2B","CAMK2B",0,17.2305116176824,"lkp"
"CAMP","CAMP",0,10.5201371720401,"lkp"
"CAPN2","CAPN2",0,160.778265037441,"lkp"
"CARD11","CARD11",0,41.8826947039611,"lkp"
"CARD9","CARD9",0,14.1565599932228,"lkp"
"CASP1","CASP1",0,25.9230688206721,"lkp"
"CASP10","CASP10",0,32.0400754012401,"lkp"
"CASP12","CASP12",0,12.9287645916941,"lkp"
"CASP3","CASP3",0,98.0442223873531,"lkp"
"CASP7","CASP7",0,46.2211495713195,"lkp"
"CASP8","CASP8",0,69.9761393489011,"lkp"
"CASP9","CASP9",0,19682.1258225576,"lkp"
"CBL","CBL",0,116.266469028192,"lkp"
"CCL1","CCL1",0,12.971452193859,"lkp"
"CCL11","CCL11",0,12.7414744216716,"lkp"
"CCL13","CCL13",0,16.537679631582,"lkp"
"CCL16","CCL16",0,10.0267365169949,"lkp"
"CCL19","CCL19",0,12.1207498941253,"lkp"
"CCL20","CCL20",0,20.693674046786,"lkp"
"CCL21","CCL21",0,17.9042354686152,"lkp"
"CCL22","CCL22",0,12.7660717927106,"lkp"
"CCL25","CCL25",0,11.8028025384888,"lkp"
"CCL26","CCL26",0,12.6881450124787,"lkp"
"CCL28","CCL28",0,16.6184866492149,"lkp"
"CCL5","CCL5",0,100.330388754494,"bkp"
"CCL7","CCL7",0,11.1659755606364,"lkp"
"CCL8","CCL8",0,11.8308137469704,"lkp"
"CCNA1","CCNA1",0,29.5673696471617,"lkp"
"CCNA2","CCNA2",0,265.202139582346,"lkp"
"CCNB1","CCNB1",0,277.40800221832,"lkp"
"CCNB3","CCNB3",0,10.1217441237818,"lkp"
"CCND1","CCND1",0,162.406179468785,"bkp"
"CCND2","CCND2",0,87.7623633130528,"lkp"
"CCND3","CCND3",0,165.588267519492,"lkp"
"CCNE1","CCNE1",0,59.9708766809898,"lkp"
"CCNE2","CCNE2",0,56.0335904691905,"lkp"
"CCNO","CCNO",0,20.507558992288,"lkp"
"CCR1","CCR1",0,12.7549617064552,"lkp"
"CCR2","CCR2",0,35.4097112936775,"lkp"
"CCR3","CCR3",0,9.79457679312774,"lkp"
"CCR4","CCR4",0,20.3553201358424,"lkp"
"CCR5","CCR5",0,10.5533741399175,"lkp"
"CCR6","CCR6",0,10.8943065889371,"lkp"
"CCR7","CCR7",0,19.8490218294545,"lkp"
"CCR9","CCR9",0,8.22847754803382,"lkp"
"CCRL2","CCRL2",0,12.4188858526147,"lkp"
"CD14","CD14",0,36.8240824185871,"bkp"
"CD160","CD160",0,9.2367937795912,"lkp"
"CD163","CD163",0,8.6428505636101,"lkp"
"CD164","CD164",0,327.515339139298,"lkp"
"CD180","CD180",0,12.2540625157867,"lkp"
"CD19","CD19",0,19.0904521016868,"lkp"
"CD1A","CD1A",0,15.352434108731,"lkp"
"CD1B","CD1B",0,10.3868235307598,"lkp"
"CD1C","CD1C",0,12.1128966604364,"lkp"
"CD1D","CD1D",0,13.772571822566,"lkp"
"CD1E","CD1E",0,25.3784370267657,"lkp"
"CD2","CD2",0,8.95120182554674,"lkp"
"CD200","CD200",0,10.9054269649828,"lkp"
"CD207","CD207",0,9.6978613433456,"lkp"
"CD209","CD209",0,9.91996807478622,"lkp"
"CD22","CD22",0,21.7277982317304,"lkp"
"CD24","CD24",0,86.5985041013079,"lkp"
"CD244","CD244",0,37.4763991847305,"lkp"
"CD247","CD247",0,22.9395038722912,"lkp"
"CD27","CD27",0,333.865153411977,"bkp"
"CD274","CD274",0,27.2719247344985,"bkp"
"CD276","CD276",0,113.235496601538,"bkp"
"CD28","CD28",0,20.5406994293999,"lkp"
"CD300A","CD300A",0,22.0516309534919,"lkp"
"CD33","CD33",0,20.7932583940472,"lkp"
"CD34","CD34",0,10.3950091962654,"lkp"
"CD36","CD36",0,9.19276312386271,"lkp"
"CD37","CD37",0,67.1260427328626,"lkp"
"CD38","CD38",0,29.2187740710124,"lkp"
"CD3D","CD3D",0,48.6660406266121,"lkp"
"CD3E","CD3E",0,80.3176647128736,"bkp"
"CD3G","CD3G",0,18.0916798298496,"lkp"
"CD4","CD4",0,57.0642922201182,"bkp"
"CD40","CD40",0,46.2043155633527,"bkp"
"CD40LG","CD40LG",0,18.7387789039801,"bkp"
"CD44","CD44",0,323.722681941822,"bkp"
"CD47","CD47",0,338.540926354471,"bkp"
"CD48","CD48",0,29.7691610151423,"lkp"
"CD5","CD5",0,22.4692134505185,"lkp"
"CD53","CD53",0,44.5756803325965,"lkp"
"CD55","CD55",0,97.8565809769772,"lkp"
"CD58","CD58",0,48.4562890369486,"lkp"
"CD59","CD59",0,107.656623648981,"lkp"
"CD6","CD6",0,20.7456029618995,"lkp"
"CD63","CD63",0,608.168460523783,"lkp"
"CD68","CD68",0,65.110984933417,"bkp"
"CD69","CD69",0,17.1550563595347,"lkp"
"CD7","CD7",0,19.6864777800062,"lkp"
"CD74","CD74",0,159.062528307256,"bkp"
"CD79A","CD79A",0,37.1383128818579,"lkp"
"CD79B","CD79B",0,21.9730143022923,"lkp"
"CD80","CD80",0,11.7015184384648,"lkp"
"CD81","CD81",0,391.431168379007,"lkp"
"CD83","CD83",0,45.6041250751398,"lkp"
"CD84","CD84",0,19.1148451171987,"lkp"
"CD86","CD86",0,27.6847980710639,"bkp"
"CD8A","CD8A",0,31.4913993109855,"bkp"
"CD9","CD9",0,81.6567644311831,"lkp"
"CD96","CD96",0,25.7661719376889,"lkp"
"CD99","CD99",0,323.649351403466,"lkp"
"CDC14A","CDC14A",0,30.6673797243293,"lkp"
"CDC14B","CDC14B",0,33.6452759329855,"lkp"
"CDC20","CDC20",0,162.065724010573,"lkp"
"CDC25A","CDC25A",0,58.2953466749347,"lkp"
"CDC25B","CDC25B",0,117.378689394551,"lkp"
"CDC6","CDC6",0,159.922709141037,"lkp"
"CDC7","CDC7",0,89.7536525872416,"lkp"
"CDH1","CDH1",0,24.8733663263353,"lkp"
"CDH11","CDH11",0,17.1707966214912,"lkp"
"CDH2","CDH2",0,40.4137522520148,"lkp"
"CDH5","CDH5",0,8.09997408650629,"lkp"
"CDK1","CDK1",0,280.218548117094,"lkp"
"CDK2","CDK2",0,223.763967798305,"lkp"
"CDK4","CDK4",0,279.888393157639,"lkp"
"CDKN1A","CDKN1A",0,140.763616902271,"lkp"
"CDKN1B","CDKN1B",0,160.009844260865,"lkp"
"CDKN2B","CDKN2B",0,21.5529790027127,"lkp"
"CDKN2C","CDKN2C",0,90.1709613447211,"lkp"
"CDKN2D","CDKN2D",0,65.477254762888,"lkp"
"CEACAM1","CEACAM1",0,31.8422701514525,"lkp"
"CEACAM6","CEACAM6",0,112.298256095007,"lkp"
"CEACAM8","CEACAM8",0,22.5889867486392,"lkp"
"CEBPA","CEBPA",0,39.1202417593582,"lkp"
"CEBPE","CEBPE",0,40.2168333526807,"lkp"
"CENPF","CENPF",0,236.360122379593,"lkp"
"CEP55","CEP55",0,94.6612287444858,"lkp"
"CES3","CES3",0,23.6254826023323,"lkp"
"CFB","CFB",0,58.13218792912,"lkp"
"CFI","CFI",0,18.4421970843168,"lkp"
"CFP","CFP",0,27.4827474614683,"lkp"
"CHAD","CHAD",0,9.75177153252472,"lkp"
"CHEK1","CHEK1",0,131.382372658707,"lkp"
"CHEK2","CHEK2",0,86.0526689011155,"lkp"
"CHUK","CHUK",0,71.7279164254483,"lkp"
"CIC","CIC",0,157.05016893529,"lkp"
"CLCF1","CLCF1",0,20.3553148115949,"lkp"
"CLEC14A","CLEC14A",0,9.99327544546842,"lkp"
"CLEC4A","CLEC4A",0,14.9606274642294,"lkp"
"CLEC4C","CLEC4C",0,9.22109860408517,"lkp"
"CLEC4E","CLEC4E",0,8.41841101729757,"lkp"
"CLEC5A","CLEC5A",0,13.9618503078833,"lkp"
"CLEC6A","CLEC6A",0,7.80946231629668,"lkp"
"CLEC7A","CLEC7A",0,12.1565638286409,"lkp"
"CLECL1","CLECL1",0,11.8946019866281,"lkp"
"CLU","CLU",0,34.4882345148414,"lkp"
"CMA1","CMA1",0,8.6813878773863,"lkp"
"CMKLR1","CMKLR1",0,17.9377025456984,"bkp"
"CNTFR","CNTFR",0,19.3377049153147,"lkp"
"COL11A1","COL11A1",0,8.20155923335355,"lkp"
"COL11A2","COL11A2",0,31.175874898721,"lkp"
"COL17A1","COL17A1",0,16.1223262137114,"lkp"
"COL1A1","COL1A1",0,26.2544166239522,"lkp"
"COL1A2","COL1A2",0,12.9619821463193,"lkp"
"COL24A1","COL24A1",0,13.62613023755,"lkp"
"COL2A1","COL2A1",0,15.2342471380234,"lkp"
"COL3A1","COL3A1",0,13.7620161877749,"lkp"
"COL4A3","COL4A3",0,17.053162518934,"lkp"
"COL4A4","COL4A4",0,18.9624270033955,"lkp"
"COL4A5","COL4A5",0,20.1128407841427,"lkp"
"COL4A6","COL4A6",0,16.0895401737774,"lkp"
"COL5A1","COL5A1",0,20.6916268189122,"lkp"
"COL5A2","COL5A2",0,17.0476377111292,"lkp"
"COL6A3","COL6A3",0,10.4408492666742,"lkp"
"COL6A6","COL6A6",0,9.83013351024933,"lkp"
"COLEC12","COLEC12",0,19.3743811203229,"lkp"
"COMP","COMP",0,10.9801006047143,"lkp"
"CPA3","CPA3",0,8.12165022050385,"lkp"
"CR1","CR1",0,11.1441616306828,"lkp"
"CR2","CR2",0,15.0750189571838,"lkp"
"CRABP2","CRABP2",0,60.0733679373816,"lkp"
"CREB1","CREB1",0,95.5149486419263,"lkp"
"CREB3L1","CREB3L1",0,21.5977769784526,"lkp"
"CREB3L3","CREB3L3",0,13.3854190351648,"lkp"
"CREB3L4","CREB3L4",0,24.2076997530434,"lkp"
"CREB5","CREB5",0,33.3917882042544,"lkp"
"CREBBP","CREBBP",0,76.8425934579696,"lkp"
"CRLF2","CRLF2",0,9.50922754542764,"lkp"
"CRP","CRP",0,9.83922417391079,"lkp"
"CSF1","CSF1",0,22.7651903252547,"lkp"
"CSF1R","CSF1R",0,20.7215753960381,"bkp"
"CSF2RB","CSF2RB",0,14.7555622249245,"lkp"
"CSF3R","CSF3R",0,17.2535872244855,"lkp"
"CTAGE1","CTAGE1",0,7.38793846980867,"lkp"
"CTCFL","CTCFL",0,9.11918317406097,"lkp"
"CTLA4","CTLA4",0,19.7830141009868,"bkp"
"CTNNB1","CTNNB1",0,413.721709425389,"bkp"
"CTSH","CTSH",0,122.517912002362,"lkp"
"CTSL","CTSL",0,111.215043503814,"lkp"
"CTSS","CTSS",0,26.5557515790767,"lkp"
"CTSW","CTSW",0,18.8899859511867,"lkp"
"CUL1","CUL1",0,131.313052617943,"lkp"
"CX3CL1","CX3CL1",0,12.4175781077484,"lkp"
"CX3CR1","CX3CR1",0,9.71396130272314,"lkp"
"CXCL10","CXCL10",0,19.388158973129,"bkp"
"CXCL11","CXCL11",0,9.38263192984431,"lkp"
"CXCL12","CXCL12",0,15.7693289922667,"lkp"
"CXCL13","CXCL13",0,9.15636750683394,"lkp"
"CXCL14","CXCL14",0,7.05524689512208,"lkp"
"CXCL16","CXCL16",0,45.8769247306629,"lkp"
"CXCL3","CXCL3",0,14.5154293497565,"lkp"
"CXCL6","CXCL6",0,11.6098247254998,"lkp"
"CXCL8","CXCL8",0,49.0917812735639,"lkp"
"CXCL9","CXCL9",0,16.5541623666273,"bkp"
"CXCR1","CXCR1",0,10.056389326456,"lkp"
"CXCR2","CXCR2",0,41.6429990280543,"lkp"
"CXCR3","CXCR3",0,11.1800530614182,"lkp"
"CXCR4","CXCR4",0,99.3482393421726,"lkp"
"CXCR5","CXCR5",0,14.5828005849979,"lkp"
"CXCR6","CXCR6",0,16.4111047123792,"bkp"
"CXorf36","CXorf36",0,10.0015845456373,"lkp"
"CXXC4","CXXC4",0,15.325402364168,"lkp"
"CYBB","CYBB",0,16.4015467067826,"lkp"
"CYFIP2","CYFIP2",0,89.6841432058695,"lkp"
"CYLD","CYLD",0,56.9850181145757,"lkp"
"DAB2","DAB2",0,19.6744450168059,"lkp"
"DAXX","DAXX",0,125.768902771712,"lkp"
"DDB2","DDB2",0,73.5893064723368,"lkp"
"DDIT3","DDIT3",0,79.9262563160811,"lkp"
"DDIT4","DDIT4",0,230.88188539012,"lkp"
"DDX43","DDX43",0,7.59034183596425,"lkp"
"DDX58","DDX58",0,29.7253484990986,"lkp"
"DEFB1","DEFB1",0,23.8295149032734,"lkp"
"DEFB134","DEFB134",0,8.28342801719737,"lkp"
"DEPTOR","DEPTOR",0,22.5039176420098,"lkp"
"DKK1","DKK1",0,16.3442906087199,"lkp"
"DKK2","DKK2",0,20.2296113371513,"lkp"
"DKK4","DKK4",0,36.9315405284121,"lkp"
"DLL1","DLL1",0,19.5545227400251,"lkp"
"DLL3","DLL3",0,16.6009984555557,"lkp"
"DLL4","DLL4",0,12.2853605225466,"lkp"
"DMBT1","DMBT1",0,12.1548124803032,"lkp"
"DNMT1","DNMT1",0,360.294066632459,"lkp"
"DNMT3A","DNMT3A",0,60.0719348313909,"lkp"
"DOCK9","DOCK9",0,30.5838925461271,"lkp"
"DPP4","DPP4",0,11.652346803353,"lkp"
"DTX1","DTX1",0,36.9843385104939,"lkp"
"DTX3","DTX3",0,43.2445444168072,"lkp"
"DTX3L","DTX3L",0,75.0106920703804,"lkp"
"DTX4","DTX4",0,20.7040045819922,"lkp"
"DUSP1","DUSP1",0,141.567743292919,"lkp"
"DUSP10","DUSP10",0,36.6604170030371,"lkp"
"DUSP2","DUSP2",0,50.4134316193845,"lkp"
"DUSP4","DUSP4",0,554.788007583697,"lkp"
"DUSP5","DUSP5",0,92.2682578824214,"lkp"
"DUSP6","DUSP6",0,36.065144525022,"lkp"
"DUSP8","DUSP8",0,27.4604714708053,"lkp"
"E2F1","E2F1",0,145.559422369021,"lkp"
"E2F3","E2F3",0,81.8488603364809,"lkp"
"E2F5","E2F5",0,37.9756867850507,"lkp"
"EBI3","EBI3",0,11.8476075702637,"lkp"
"ECSIT","ECSIT",0,89.4481226509805,"lkp"
"EDN1","EDN1",0,14.6653895424067,"lkp"
"EFNA1","EFNA1",0,49.1629008351095,"lkp"
"EFNA2","EFNA2",0,11.0071849689672,"lkp"
"EFNA3","EFNA3",0,23.4524065473665,"lkp"
"EFNA5","EFNA5",0,31.0595899248783,"lkp"
"EGF","EGF",0,12.3400236492092,"lkp"
"EGFR","EGFR",0,43.3662087157429,"lkp"
"EGR1","EGR1",0,305.797847422004,"lkp"
"EGR2","EGR2",0,26.0700322695749,"lkp"
"EIF2AK2","EIF2AK2",0,111.319353427301,"lkp"
"EIF5AL1","EIF5AL1",0,20.1120293852375,"lkp"
"ELK1","ELK1",0,87.4499611015091,"lkp"
"ELOB","ELOB",0,812.059387412143,"lkp"
"ENG","ENG",0,24.1259934914848,"lkp"
"ENO1","ENO1",0,95.6607843684107,"lkp"
"ENTPD1","ENTPD1",0,16.8867118780051,"lkp"
"EOMES","EOMES",0,13.1023920906164,"lkp"
"EPCAM","EPCAM",0,93.5064337196002,"bkp"
"EPHA2","EPHA2",0,46.5821806829889,"lkp"
"EPM2AIP1","EPM2AIP1",0,47.0707531262156,"lkp"
"EPO","EPO",0,13.1772467761279,"lkp"
"EPOR","EPOR",0,18.2475641764599,"lkp"
"ERBB2","ERBB2",0,29.3897860163968,"lkp"
"ERCC2","ERCC2",0,82.3366222446024,"lkp"
"ERCC6","ERCC6",0,34.7681114769622,"lkp"
"ERO1A","ERO1A",0,186.759985311789,"lkp"
"ESR1","ESR1",0,14.6245290447361,"lkp"
"ETS1","ETS1",0,142.45584999108,"lkp"
"ETS2","ETS2",0,83.9989843473593,"lkp"
"ETV1","ETV1",0,17.8695770054672,"lkp"
"ETV4","ETV4",0,21.48744134853,"lkp"
"ETV7","ETV7",0,15.2824074610711,"lkp"
"EWSR1","EWSR1",0,740.316600999175,"lkp"
"EXO1","EXO1",0,91.1866156648153,"lkp"
"EYA1","EYA1",0,20.2786279130187,"lkp"
"EZH2","EZH2",0,129.922956368813,"lkp"
"F12","F12",0,28.6671247693773,"lkp"
"F13A1","F13A1",0,11.3390117010875,"lkp"
"F2RL1","F2RL1",0,32.6073884292489,"lkp"
"FADD","FADD",0,59.270695767501,"lkp"
"FAM124B","FAM124B",0,16.5973755722589,"lkp"
"FAM30A","FAM30A",0,12.7586126731857,"lkp"
"FANCA","FANCA",0,76.8537574626536,"lkp"
"FANCB","FANCB",0,48.7333354832368,"lkp"
"FANCC","FANCC",0,34.9216640635195,"lkp"
"FANCE","FANCE",0,38.6879939126648,"lkp"
"FANCF","FANCF",0,40.1958334928085,"lkp"
"FANCG","FANCG",0,93.9274678149312,"lkp"
"FANCL","FANCL",0,126.088611247729,"lkp"
"FAP","FAP",0,10.0612273707636,"lkp"
"FAS","FAS",0,63.4350332501232,"bkp"
"FASLG","FASLG",0,21.1956673657697,"bkp"
"FBP1","FBP1",0,14.0515009486622,"lkp"
"FBXW7","FBXW7",0,66.1128942076928,"lkp"
"FCAR","FCAR",0,17374.8161596119,"lkp"
"FCER1A","FCER1A",0,10.8338593024032,"lkp"
"FCER1G","FCER1G",0,19.2739143344849,"lkp"
"FCER2","FCER2",0,14.2284094415598,"lkp"
"FCGR2A","FCGR2A",0,16.267361302769,"lkp"
"FCGR2B","FCGR2B",0,15.2819971586606,"lkp"
"FCGR3B","FCGR3B",0,11.1904292737438,"lkp"
"FCGRT","FCGRT",0,55.773376239678,"lkp"
"FCN1","FCN1",0,9.75671171078707,"lkp"
"FCRL2","FCRL2",0,16.3736698484206,"lkp"
"FEN1","FEN1",0,191.271438966905,"lkp"
"FEZ1","FEZ1",0,50.9226616092382,"lkp"
"FGF1","FGF1",0,10.2911210386024,"lkp"
"FGF10","FGF10",0,22.9782576372342,"lkp"
"FGF11","FGF11",0,18.3270969264831,"lkp"
"FGF12","FGF12",0,13.0517433210084,"lkp"
"FGF13","FGF13",0,21.7504652067552,"lkp"
"FGF14","FGF14",0,11.9105924993819,"lkp"
"FGF16","FGF16",0,12.2586452429787,"lkp"
"FGF17","FGF17",0,13.2130477884785,"lkp"
"FGF18","FGF18",0,10.6522215664072,"lkp"
"FGF19","FGF19",0,10.6691534508057,"lkp"
"FGF2","FGF2",0,26.3226658646911,"lkp"
"FGF20","FGF20",0,12.1453525577478,"lkp"
"FGF21","FGF21",0,13.91346161336,"lkp"
"FGF23","FGF23",0,12.1730794021633,"lkp"
"FGF3","FGF3",0,71.7017951611148,"lkp"
"FGF4","FGF4",0,10.9989936878493,"lkp"
"FGF5","FGF5",0,18.7847158875199,"lkp"
"FGF6","FGF6",0,10.7009204021726,"lkp"
"FGF7","FGF7",0,10.1611976002993,"lkp"
"FGF9","FGF9",0,23.552731318364,"lkp"
"FGFR1","FGFR1",0,989.535228199846,"lkp"
"FGFR2","FGFR2",0,30.3978863666633,"lkp"
"FGFR3","FGFR3",0,40.184166352051,"lkp"
"FGFR4","FGFR4",0,24.0743160114124,"lkp"
"FLNA","FLNA",0,651.814211823987,"lkp"
"FLNB","FLNB",0,207.93852298133,"lkp"
"FLNC","FLNC",0,29.7657043613868,"lkp"
"FLT1","FLT1",0,28.9904297130122,"lkp"
"FLT3","FLT3",0,13.1372026506965,"lkp"
"FN1","FN1",0,81.9348683625659,"lkp"
"FOS","FOS",0,211.588688549527,"lkp"
"FOSL1","FOSL1",0,51.8475371951971,"lkp"
"FOXJ1","FOXJ1",0,13.1931058787809,"lkp"
"FOXL2","FOXL2",0,9.60550942889659,"lkp"
"FOXO4","FOXO4",0,45.2388815397211,"lkp"
"FOXP3","FOXP3",0,22.1131592781997,"bkp"
"FPR1","FPR1",0,13.3954901267252,"lkp"
"FPR2","FPR2",0,11.7618193127451,"lkp"
"FPR3","FPR3",0,15.5911733003605,"lkp"
"FST","FST",0,21.5552473240696,"lkp"
"FSTL3","FSTL3",0,18.5812956874051,"lkp"
"FUBP1","FUBP1",0,244.884314077157,"lkp"
"FUT4","FUT4",0,26.3445977696438,"lkp"
"FUT5","FUT5",0,7830.86120114789,"lkp"
"FUT7","FUT7",0,11.6985196952378,"lkp"
"FUT8","FUT8",0,82.6322625083322,"lkp"
"FYN","FYN",0,103.904369521791,"lkp"
"FZD10","FZD10",0,12.1854097391578,"lkp"
"FZD2","FZD2",0,639.934634333828,"lkp"
"FZD3","FZD3",0,32.5583934480663,"lkp"
"FZD7","FZD7",0,50.0091324706749,"lkp"
"FZD8","FZD8",0,16.2649627663795,"lkp"
"FZD9","FZD9",0,13.1902380016331,"lkp"
"G6PD","G6PD",0,182.163283831041,"lkp"
"GADD45A","GADD45A",0,290.825120724388,"lkp"
"GADD45B","GADD45B",0,76.7384757927329,"lkp"
"GADD45G","GADD45G",0,15.113232548321,"lkp"
"GAGE1","GAGE1",0,23980.5685891003,"lkp"
"GAS1","GAS1",0,31.6273552746161,"lkp"
"GATA3","GATA3",0,52.1155666856269,"lkp"
"GBP1","GBP1",0,26.689298346797,"lkp"
"GBP2","GBP2",0,20.627253704027,"lkp"
"GBP4","GBP4",0,50.1931967993618,"lkp"
"GDF6","GDF6",0,11.8778635462521,"lkp"
"GHR","GHR",0,18.6276935435122,"lkp"
"GIMAP6","GIMAP6",0,663.036713323754,"lkp"
"GLI3","GLI3",0,30.7758564087684,"lkp"
"GLS","GLS",0,217.71017152921,"lkp"
"GLUD1","GLUD1",0,152.083999493639,"lkp"
"GLUL","GLUL",0,261.569431809989,"lkp"
"GMIP","GMIP",0,37.2628994382803,"lkp"
"GNA11","GNA11",0,72.801577067388,"lkp"
"GNAQ","GNAQ",0,105.212839030964,"lkp"
"GNAS","GNAS",0,2136.17195005144,"lkp"
"GNG12","GNG12",0,119.983618413437,"lkp"
"GNG4","GNG4",0,24.7166559761017,"lkp"
"GNG7","GNG7",0,27.8236295106601,"lkp"
"GNLY","GNLY",0,11.530823822492,"lkp"
"GOT1","GOT1",0,131.715419327222,"lkp"
"GOT2","GOT2",0,332.926060070997,"lkp"
"GPC4","GPC4",0,65.6278032269672,"lkp"
"GPI","GPI",0,682.883695887034,"lkp"
"GPR160","GPR160",0,43.4083251059821,"lkp"
"GPSM3","GPSM3",0,71.5646207549042,"lkp"
"GRB2","GRB2",0,259.083825039777,"lkp"
"GRIA3","GRIA3",0,13.0273814767266,"lkp"
"GRIN1","GRIN1",0,14.4659019393343,"lkp"
"GRIN2A","GRIN2A",0,10.9329217104995,"lkp"
"GRIN2B","GRIN2B",0,13.2102979466966,"lkp"
"GSK3B","GSK3B",0,120.908089469784,"lkp"
"GTF2H3","GTF2H3",0,84.2935074253662,"lkp"
"GTF3C1","GTF3C1",0,94.7093913523981,"lkp"
"GUSB","GUSB",0,132.138205077972,"lkp"
"GZMA","GZMA",0,23.1054498459452,"lkp"
"GZMB","GZMB",0,34.2148593828587,"bkp"
"GZMH","GZMH",0,12.0407098497904,"lkp"
"GZMK","GZMK",0,11.1169682784628,"lkp"
"H2AFX","H2AFX",0,162.929314081718,"lkp"
"H3F3A","H3F3A",0,6590.46248063728,"lkp"
"HAVCR2","HAVCR2",0,24.3158961640885,"bkp"
"HCK","HCK",0,17.0726658266747,"lkp"
"HDAC1","HDAC1",0,488.615587480713,"lkp"
"HDAC10","HDAC10",0,41.2562513830846,"lkp"
"HDAC11","HDAC11",0,36.9330453460036,"lkp"
"HDAC2","HDAC2",0,358.165782885415,"lkp"
"HDAC4","HDAC4",0,42.4845821935974,"lkp"
"HDAC5","HDAC5",0,59.0301399477042,"lkp"
"HDAC6","HDAC6",0,94.0179789897655,"lkp"
"HDC","HDC",0,9.68277845760811,"lkp"
"HELLS","HELLS",0,203.701594723054,"lkp"
"HERC6","HERC6",0,22.494653156691,"lkp"
"HES1","HES1",0,139.701571185076,"lkp"
"HES5","HES5",0,11.8322170450715,"lkp"
"HEY1","HEY1",0,40.2876347436971,"lkp"
"HGF","HGF",0,11.6231988708053,"lkp"
"HHEX","HHEX",0,51.9929294789601,"lkp"
"HHIP","HHIP",0,28.7574424224488,"lkp"
"HIF1A","HIF1A",0,413.545435946667,"bkp"
"HK1","HK1",0,132.253561899658,"lkp"
"HK2","HK2",0,104.3828148536,"lkp"
"HLA-DMA","HLA-DMA",0,36.1511147661106,"lkp"
"HLA-DMB","HLA-DMB",0,29.525018020346,"lkp"
"HLA-DOA","HLA-DOA",0,26.5022045357452,"lkp"
"HLA-DOB","HLA-DOB",0,26.6077532271013,"lkp"
"HLA-DPA1","HLA-DPA1",0,50.8804711189153,"lkp"
"HLA-DPB1","HLA-DPB1",0,16.8482353468868,"lkp"
"HLA-DQA1-2","HLA-DQA1-2",0,39.7006681325304,"bkp"
"HLA-DQB1","HLA-DQB1",0,70.405122521083,"lkp"
"HLA-DRA","HLA-DRA",0,48.7209442705181,"lkp"
"HLA-DRB","HLA-DRB",0,194.965052336295,"bkp"
"HLA-E","HLA-E",0,1193.83059902407,"bkp"
"HLA-F","HLA-F",0,394.077953075973,"lkp"
"HMGA1","HMGA1",0,727.285165197895,"lkp"
"HMGA2","HMGA2",0,43.8558195807425,"lkp"
"HNF1A","HNF1A",0,11.6976764621194,"lkp"
"HOXA10","HOXA10",0,25.3995332936432,"lkp"
"HOXA11","HOXA11",0,19.188628186884,"lkp"
"HPGD","HPGD",0,31.0935187578241,"lkp"
"HPRT1","HPRT1",0,221.219710082613,"lkp"
"HSD11B1","HSD11B1",0,9.21973930099219,"lkp"
"HSPA2","HSPA2",0,32.1388765112402,"lkp"
"HSPB1","HSPB1",0,113.973345130834,"lkp"
"IBSP","IBSP",0,12.4491054819625,"lkp"
"ICAM1","ICAM1",0,59.9817942428101,"bkp"
"ICAM2","ICAM2",0,36.4726549093064,"lkp"
"ICAM3","ICAM3",0,63.2217220434659,"lkp"
"ICAM4","ICAM4",0,15.5090861872132,"lkp"
"ICAM5","ICAM5",0,19.4860136796355,"lkp"
"ICOS","ICOS",0,13.9488512364242,"lkp"
"ICOSLG","ICOSLG",0,39.884825959778,"bkp"
"ID2","ID2",0,152.094531670339,"lkp"
"ID4","ID4",0,54.5962964292615,"lkp"
"IDH1","IDH1",0,119.106244953276,"lkp"
"IDH2","IDH2",0,243.322297977198,"lkp"
"IDO1","IDO1",0,35.6048888331493,"bkp"
"IER3","IER3",0,136.985148844975,"lkp"
"IFI27","IFI27",0,33.6565094482617,"lkp"
"IFI35","IFI35",0,44.2553338566157,"lkp"
"IFI6","IFI6",0,3047.59511116321,"lkp"
"IFIH1","IFIH1",0,40.1485303193199,"lkp"
"IFIT1","IFIT1",0,37.6195181571001,"lkp"
"IFIT2","IFIT2",0,19.686502591762,"lkp"
"IFIT3","IFIT3",0,21.0517971005887,"lkp"
"IFITM1","IFITM1",0,238.857615746189,"lkp"
"IFNAR1","IFNAR1",0,146.638823706424,"bkp"
"IFNAR2","IFNAR2",0,90.3659226057303,"lkp"
"IFNB1","IFNB1",0,9.65173615587373,"lkp"
"IFNG","IFNG",0,18.0558744849536,"bkp"
"IFNGR1","IFNGR1",0,131.010647242887,"bkp"
"IFNGR2","IFNGR2",0,97.1123726764782,"lkp"
"IFNL1","IFNL1",0,13.4316443103766,"lkp"
"IGF1","IGF1",0,12.0280597248203,"lkp"
"IGF1R","IGF1R",0,141.910190961503,"lkp"
"IGF2R","IGF2R",0,64.1282763252,"lkp"
"IGFBP3","IGFBP3",0,39.4087759143033,"lkp"
"IHH","IHH",0,9.78235253457897,"lkp"
"IKBKB","IKBKB",0,54.7763992129507,"lkp"
"IKBKE","IKBKE",0,16.3635789211049,"lkp"
"IKBKG","IKBKG",0,73.9839276747804,"lkp"
"IL10","IL10",0,23.6621967283558,"bkp"
"IL10RA","IL10RA",0,13.9058586506805,"lkp"
"IL11","IL11",0,4155.16908438569,"lkp"
"IL11RA","IL11RA",0,39.7818890333304,"lkp"
"IL12A","IL12A",0,14.3931576574555,"lkp"
"IL12B","IL12B",0,19.9637913782623,"bkp"
"IL12RB2","IL12RB2",0,11.7703184772843,"lkp"
"IL13","IL13",0,12.8107772650588,"lkp"
"IL13RA1","IL13RA1",0,64.6622731589372,"lkp"
"IL13RA2","IL13RA2",0,12.681610759924,"lkp"
"IL15","IL15",0,33.5657813844961,"lkp"
"IL15RA","IL15RA",0,22.7168723831705,"lkp"
"IL16","IL16",0,20.9816869826401,"lkp"
"IL17A","IL17A",0,24.1502034103638,"lkp"
"IL17B","IL17B",0,149.001040976099,"lkp"
"IL17F","IL17F",0,11.5892043438205,"lkp"
"IL17RA","IL17RA",0,46.9355374588932,"lkp"
"IL17RB","IL17RB",0,17.1671015896753,"lkp"
"IL18","IL18",0,24.1602227282326,"lkp"
"IL18R1","IL18R1",0,17.2538346727718,"lkp"
"IL18RAP","IL18RAP",0,14.3069770388965,"lkp"
"IL19","IL19",0,13.4868511039841,"lkp"
"IL1A","IL1A",0,19.7063432703977,"lkp"
"IL1B","IL1B",0,43.8026848747711,"bkp"
"IL1R1","IL1R1",0,16.2427953431168,"lkp"
"IL1R2","IL1R2",0,13.8300738905135,"lkp"
"IL1RAPL2","IL1RAPL2",0,10.1769432488403,"lkp"
"IL1RL1","IL1RL1",0,9.27571536556545,"lkp"
"IL1RL2","IL1RL2",0,11.0054560882163,"lkp"
"IL1RN","IL1RN",0,17.3579052740829,"lkp"
"IL2","IL2",0,11.109398724009,"lkp"
"IL20RA","IL20RA",0,88.3945144790735,"lkp"
"IL20RB","IL20RB",0,29.2479945050563,"lkp"
"IL21","IL21",0,11.2995626154513,"lkp"
"IL21R","IL21R",0,18.3557962015312,"lkp"
"IL22","IL22",0,12.6136504974042,"lkp"
"IL22RA1","IL22RA1",0,17.4370329574858,"lkp"
"IL22RA2","IL22RA2",0,13.5021538958741,"lkp"
"IL23A","IL23A",0,15.7739402973742,"lkp"
"IL23R","IL23R",0,12.6749725692197,"lkp"
"IL24","IL24",0,16.0617011450678,"lkp"
"IL25","IL25",0,10.5906158968496,"lkp"
"IL26","IL26",0,10.8763437993095,"lkp"
"IL2RA","IL2RA",0,15.3416461305375,"lkp"
"IL2RB","IL2RB",0,16.8249319516593,"lkp"
"IL2RG","IL2RG",0,61.4241924740483,"lkp"
"IL3","IL3",0,11.4088806227597,"lkp"
"IL32","IL32",0,78.8871741979072,"lkp"
"IL33","IL33",0,13.8008609559666,"lkp"
"IL34","IL34",0,13.6517443618285,"lkp"
"IL3RA","IL3RA",0,42.3825316949502,"lkp"
"IL4R","IL4R",0,77.6099533387261,"lkp"
"IL5","IL5",0,11.1540643161247,"lkp"
"IL5RA","IL5RA",0,12.0332391780721,"lkp"
"IL6","IL6",0,36.6875514381289,"bkp"
"IL6R","IL6R",0,26.3254314925786,"lkp"
"IL7","IL7",0,12.7121219138761,"lkp"
"IL7R","IL7R",0,278.344065196945,"lkp"
"IL9","IL9",0,10.7990726906113,"lkp"
"ILF3","ILF3",0,820.230595322734,"lkp"
"INHBA","INHBA",0,91.8327701775063,"lkp"
"INHBB","INHBB",0,14.5679228463898,"lkp"
"INPP5D","INPP5D",0,42.7151498485978,"lkp"
"IRAK1","IRAK1",0,385.393488793925,"lkp"
"IRAK2","IRAK2",0,27.9182823743543,"lkp"
"IRAK3","IRAK3",0,15.5581318128449,"lkp"
"IRAK4","IRAK4",0,46.2401889608987,"lkp"
"IRF1","IRF1",0,37.2980591613953,"lkp"
"IRF2","IRF2",0,59.85294209112,"lkp"
"IRF3","IRF3",0,143.285950497542,"lkp"
"IRF4","IRF4",0,19.1194959970231,"lkp"
"IRF9","IRF9",0,38.8271330008175,"lkp"
"IRGM","IRGM",0,12.4004371807106,"lkp"
"IRS1","IRS1",0,38.8857574100547,"lkp"
"ISG20","ISG20",0,27.5988424385486,"lkp"
"ITCH","ITCH",0,201.280039763002,"lkp"
"ITGA1","ITGA1",0,22.6177571890753,"lkp"
"ITGA2","ITGA2",0,34.6688436874427,"lkp"
"ITGA2B","ITGA2B",0,13.6928041538526,"lkp"
"ITGA3","ITGA3",0,73.784988041577,"lkp"
"ITGA4","ITGA4",0,131.085496852805,"lkp"
"ITGA5","ITGA5",0,52.4684009441559,"lkp"
"ITGA6","ITGA6",0,100.649281157252,"lkp"
"ITGA7","ITGA7",0,17.5330850143986,"lkp"
"ITGA8","ITGA8",0,13.6148987464675,"lkp"
"ITGA9","ITGA9",0,19.7822706516375,"lkp"
"ITGAE","ITGAE",0,22.2084183154428,"lkp"
"ITGAL","ITGAL",0,34.8754169100502,"lkp"
"ITGAM","ITGAM",0,61.169621177519,"bkp"
"ITGAV","ITGAV",0,140.698242339658,"bkp"
"ITGAX","ITGAX",0,63.181208021336,"bkp"
"ITGB1","ITGB1",0,422.470587232489,"lkp"
"ITGB2","ITGB2",0,68.4266484196335,"bkp"
"ITGB3","ITGB3",0,12.0681386081134,"lkp"
"ITGB4","ITGB4",0,24.1620709533722,"lkp"
"ITGB6","ITGB6",0,17.4508937561655,"lkp"
"ITGB7","ITGB7",0,17.4525282343357,"lkp"
"ITGB8","ITGB8",0,53.1601470197332,"bkp"
"ITK","ITK",0,22.2254533117662,"lkp"
"JAG1","JAG1",0,36.6313387819312,"lkp"
"JAG2","JAG2",0,31.6077869895955,"lkp"
"JAK1","JAK1",0,127.185334746842,"lkp"
"JAK2","JAK2",0,26.3927040891555,"lkp"
"JAK3","JAK3",0,27.0561583682463,"lkp"
"JAM3","JAM3",0,27.9510124241984,"lkp"
"JUN","JUN",0,173.602098477683,"lkp"
"KAT2B","KAT2B",0,46.0043505649245,"lkp"
"KDM5C","KDM5C",0,169.331284715231,"lkp"
"KDM6A","KDM6A",0,70.5435406578662,"lkp"
"KDR","KDR",0,11.0155074630001,"lkp"
"KIF2C","KIF2C",0,114.456952108366,"lkp"
"KIT","KIT",0,20.6214224707917,"lkp"
"KITLG","KITLG",0,32.381454630513,"lkp"
"KLF4","KLF4",0,26.5226322606176,"lkp"
"KLRB1","KLRB1",0,11.0263574484201,"lkp"
"KLRC1","KLRC1",0,16.6011004273106,"lkp"
"KLRD1","KLRD1",0,2228.66066635269,"lkp"
"KLRF1","KLRF1",0,11.4796043025242,"lkp"
"KLRG1","KLRG1",0,15.103304730452,"lkp"
"KMT2C","KMT2C",0,160.56769473775,"lkp"
"KMT2D","KMT2D",0,177.138819060298,"lkp"
"KRAS","KRAS",0,123.386892719943,"lkp"
"KRT1","KRT1",0,71130.400690883,"lkp"
"KRT10","KRT10",0,222.9809442127,"lkp"
"KRT14","KRT14",0,61.2862303711294,"lkp"
"KRT17","KRT17",0,58.1319463248756,"lkp"
"KRT18","KRT18",0,482.335247955983,"lkp"
"KRT19","KRT19",0,136.762279921925,"lkp"
"KRT6A-B-C","KRT6A-B-C",0,44.0605436001166,"lkp"
"KRT7","KRT7",0,50.5940387133294,"lkp"
"LAG3","LAG3",0,39.8443789687177,"bkp"
"LAIR1","LAIR1",0,27.6411106952678,"lkp"
"LAMA1","LAMA1",0,14.8362580976871,"lkp"
"LAMA3","LAMA3",0,67.7006082237231,"lkp"
"LAMA5","LAMA5",0,71.9790059418665,"lkp"
"LAMB3","LAMB3",0,31.9806165363333,"lkp"
"LAMB4","LAMB4",0,10.5419573154261,"lkp"
"LAMC2","LAMC2",0,28.9377710857003,"lkp"
"LAMC3","LAMC3",0,12.2687891947629,"lkp"
"LAMP1","LAMP1",0,207.50750127968,"lkp"
"LAMP2","LAMP2",0,78.8791130293161,"lkp"
"LAMP3","LAMP3",0,17.8041610007041,"lkp"
"LAT","LAT",0,26.9664633011532,"lkp"
"LBP","LBP",0,10.7435176369036,"lkp"
"LCK","LCK",0,35.5283582914659,"lkp"
"LCN2","LCN2",0,32.2753788586535,"lkp"
"LCP1","LCP1",0,203.19253799409,"lkp"
"LDHA","LDHA",0,1097.92512158386,"lkp"
"LDHB","LDHB",0,1319.35395495042,"lkp"
"LEF1","LEF1",0,107.7402461293,"lkp"
"LEFTY1","LEFTY1",0,18.3662267301658,"lkp"
"LEFTY2","LEFTY2",0,11.9047223246557,"lkp"
"LEP","LEP",0,13.0501643260407,"lkp"
"LEPR","LEPR",0,21.9919416617597,"lkp"
"LFNG","LFNG",0,13.8042634421756,"lkp"
"LGALS3","LGALS3",0,91.9734005948589,"lkp"
"LIF","LIF",0,29.8510434026001,"lkp"
"LIFR","LIFR",0,16.8219514179703,"lkp"
"LIG4","LIG4",0,40.5039906174831,"lkp"
"LILRA1","LILRA1",0,13.204441157336,"lkp"
"LILRB1","LILRB1",0,44.4955011770751,"lkp"
"LILRB4","LILRB4",0,17.3611144993899,"lkp"
"LOXL2","LOXL2",0,27.447910876222,"lkp"
"LRP1","LRP1",0,45.2191182414035,"lkp"
"LRP2","LRP2",0,14.6862309247947,"lkp"
"LRRC32","LRRC32",0,13.8861957078855,"lkp"
"LRRN3","LRRN3",0,13.6017559931985,"lkp"
"LTA","LTA",0,15.4355245400937,"lkp"
"LTBP1","LTBP1",0,60.6096009262985,"lkp"
"LTBR","LTBR",0,27.4233672631777,"lkp"
"LTF","LTF",0,10.9431546282435,"lkp"
"LTK","LTK",0,11.7337110614282,"lkp"
"LY6E","LY6E",0,375.536580653868,"bkp"
"LY86","LY86",0,18.1229715613201,"lkp"
"LY9","LY9",0,28.008712366672,"lkp"
"LY96","LY96",0,26.0448103456622,"lkp"
"LYN","LYN",0,60.5341053466488,"lkp"
"LYZ","LYZ",0,14.7502713952486,"lkp"
"MAD2L2","MAD2L2",0,229.578188580173,"lkp"
"MAF","MAF",0,21.0239670364264,"lkp"
"MAGEB2","MAGEB2",0,11.2288992907722,"lkp"
"MAGEC1","MAGEC1",0,14.77759990939,"lkp"
"MAGEC2","MAGEC2",0,462.252412447247,"lkp"
"MAML2","MAML2",0,21.9974571156801,"lkp"
"MAP2K1","MAP2K1",0,213.745031029952,"lkp"
"MAP2K4","MAP2K4",0,59.0229760587306,"lkp"
"MAP2K6","MAP2K6",0,23.1918772980701,"lkp"
"MAP3K1","MAP3K1",0,59.9489226277076,"lkp"
"MAP3K12","MAP3K12",0,48.8778713259325,"lkp"
"MAP3K13","MAP3K13",0,25.8329231823805,"lkp"
"MAP3K14","MAP3K14",0,32.4474492815398,"lkp"
"MAP3K5","MAP3K5",0,52.5002920270202,"lkp"
"MAP3K7","MAP3K7",0,114.822947606989,"lkp"
"MAP3K8","MAP3K8",0,33.213112500613,"lkp"
"MAP4K2","MAP4K2",0,80.4237688913409,"lkp"
"MAPK1","MAPK1",0,873.483462758685,"lkp"
"MAPK10","MAPK10",0,40.0801331122625,"lkp"
"MAPK11","MAPK11",0,44.8904544637766,"lkp"
"MAPK12","MAPK12",0,97.7157796961331,"lkp"
"MAPK14","MAPK14",0,183.570876613452,"lkp"
"MAPK3","MAPK3",0,178.311841180102,"lkp"
"MAPK8","MAPK8",0,107.649243365258,"lkp"
"MAPK8IP2","MAPK8IP2",0,49.1972595910965,"lkp"
"MAPKAPK2","MAPKAPK2",0,249.008936529025,"lkp"
"MAPT","MAPT",0,25.5954731982374,"lkp"
"MARCO","MARCO",0,11.395181742876,"lkp"
"MASP1","MASP1",0,14.679698642288,"lkp"
"MASP2","MASP2",0,15.4454090023727,"lkp"
"MAVS","MAVS",0,178.862988550594,"lkp"
"MBL2","MBL2",0,14.4344230887828,"lkp"
"MCAM","MCAM",0,105.422007481236,"lkp"
"MCM2","MCM2",0,314.620876501901,"lkp"
"MCM4","MCM4",0,533.078652177555,"lkp"
"MCM5","MCM5",0,334.465794259753,"lkp"
"MCM7","MCM7",0,732.382287942495,"lkp"
"MDC1","MDC1",0,152.254924919826,"lkp"
"MDM2","MDM2",0,258.438914107592,"lkp"
"MECOM","MECOM",0,28.8105774247067,"lkp"
"MED12","MED12",0,89.6712553840324,"lkp"
"MEFV","MEFV",0,14.5480169241941,"lkp"
"MELK","MELK",0,142.439987499685,"lkp"
"MEN1","MEN1",0,102.737875653418,"lkp"
"MERTK","MERTK",0,38.6960416327638,"lkp"
"MET","MET",0,66.2707128350419,"lkp"
"MFGE8","MFGE8",0,127.097799034018,"lkp"
"MFNG","MFNG",0,55.5858630768803,"lkp"
"MGMT","MGMT",0,45.2193874970483,"lkp"
"MKI67","MKI67",0,565.025976959395,"bkp"
"MLANA","MLANA",0,16.028136255784,"lkp"
"MLF1","MLF1",0,50.1184025608603,"lkp"
"MLH1","MLH1",0,79.4310170650942,"lkp"
"MLLT3","MLLT3",0,50.0333096579141,"lkp"
"MME","MME",0,99.2967002709691,"lkp"
"MMP1","MMP1",0,15.5485919342645,"lkp"
"MMP3","MMP3",0,13.5682217330576,"lkp"
"MMP7","MMP7",0,12.9725541688893,"lkp"
"MMP9","MMP9",0,16.4412078831239,"lkp"
"MMRN2","MMRN2",0,15.9058146820141,"lkp"
"MNAT1","MNAT1",0,89.9965289241281,"lkp"
"MPL","MPL",0,15.684797985567,"lkp"
"MPO","MPO",0,16.0594179722105,"lkp"
"MR1","MR1",0,38.6077535578335,"lkp"
"MRC1","MRC1",0,15.0876594044837,"lkp"
"MRE11","MRE11",0,183.899065649027,"lkp"
"MS4A1","MS4A1",0,36.8725047013729,"bkp"
"MS4A2","MS4A2",0,11.9305094140424,"lkp"
"MS4A6A","MS4A6A",0,14.399521685995,"lkp"
"MSH2","MSH2",0,157.945406984371,"lkp"
"MSH6","MSH6",0,175.960937392629,"lkp"
"MSR1","MSR1",0,13.2304866460331,"lkp"
"MST1R","MST1R",0,20.1731796874289,"lkp"
"MTOR","MTOR",0,145.954945835249,"lkp"
"MUC1","MUC1",0,56.9446458491472,"lkp"
"MUTYH","MUTYH",0,59.8230225208842,"lkp"
"MX1","MX1",0,27.7125794912618,"lkp"
"MXI1","MXI1",0,62.2658277081955,"lkp"
"MYB","MYB",0,120.930175015785,"lkp"
"MYC","MYC",0,233.677536958912,"lkp"
"MYCN","MYCN",0,27.8408812781237,"lkp"
"MYCT1","MYCT1",0,15.2301637157799,"lkp"
"MYD88","MYD88",0,70.9804202138572,"lkp"
"NASP","NASP",0,318.732233104103,"lkp"
"NBN","NBN",0,160.999050457713,"lkp"
"NCAM1","NCAM1",0,77.2149707830188,"bkp"
"NCF4","NCF4",0,28.9398594087396,"lkp"
"NCOR1","NCOR1",0,231.090408399646,"lkp"
"NCR1","NCR1",0,13.57256690477,"lkp"
"NDUFA4L2","NDUFA4L2",0,55.4183449158378,"lkp"
"NECTIN1","NECTIN1",0,121.385136524876,"lkp"
"NECTIN2","NECTIN2",0,111.37993020197,"lkp"
"NEFL","NEFL",0,43.4189066484993,"lkp"
"NegProbe-bkp","NegProbe-bkp",1,24.0893364110235,"bkp"
"NegProbe-lkp","NegProbe-lkp",1,11.5490171037579,"lkp"
"NEIL1","NEIL1",0,31.2343252972967,"lkp"
"NF1","NF1",0,117.496647312793,"lkp"
"NF2","NF2",0,138.093041749968,"lkp"
"NFAM1","NFAM1",0,78.3207048452268,"lkp"
"NFATC1","NFATC1",0,43.6702123808077,"lkp"
"NFATC2","NFATC2",0,49.0190156402902,"lkp"
"NFATC3","NFATC3",0,191.537855742606,"lkp"
"NFATC4","NFATC4",0,25.9818863707327,"lkp"
"NFE2L2","NFE2L2",0,340.877062048962,"lkp"
"NFIL3","NFIL3",0,234.833275268815,"lkp"
"NFKB1","NFKB1",0,132.193977068252,"lkp"
"NFKB2","NFKB2",0,95.7365660876687,"lkp"
"NFKBIA","NFKBIA",0,225.592773142863,"lkp"
"NFKBIE","NFKBIE",0,51.5877165087254,"lkp"
"NFKBIZ","NFKBIZ",0,99.9015609017584,"lkp"
"NGF","NGF",0,16.614004295886,"lkp"
"NGFR","NGFR",0,26.2396019901707,"lkp"
"NID2","NID2",0,21.3944318726107,"lkp"
"NKD1","NKD1",0,16.2957120853007,"lkp"
"NKG7","NKG7",0,65.4983609549589,"bkp"
"NLRC5","NLRC5",0,45.0615109324478,"lkp"
"NLRP3","NLRP3",0,21.5582145512412,"lkp"
"NOD1","NOD1",0,46.2419268407847,"lkp"
"NOD2","NOD2",0,24.587502609874,"lkp"
"NODAL","NODAL",0,9.59361081972121,"lkp"
"NOG","NOG",0,37.2402721274766,"lkp"
"NOS2","NOS2",0,14.7958677766024,"lkp"
"NOS3","NOS3",0,17.0685960678454,"lkp"
"NOTCH1","NOTCH1",0,89.1822841640104,"lkp"
"NOTCH2","NOTCH2",0,134.266601841768,"lkp"
"NOTCH3","NOTCH3",0,109.837441349088,"lkp"
"NPM2","NPM2",0,26.2549244532715,"lkp"
"NR4A1","NR4A1",0,113.95820221584,"lkp"
"NR4A3","NR4A3",0,23.7657054627286,"lkp"
"NRAS","NRAS",0,187.064691821332,"lkp"
"NRDE2","NRDE2",0,53.5181798811303,"lkp"
"NRP1","NRP1",0,77.1121573170302,"lkp"
"NSD1","NSD1",0,128.501365462172,"lkp"
"NT5E","NT5E",0,48.2427959372522,"bkp"
"NTF3","NTF3",0,16.4514169450901,"lkp"
"NTRK1","NTRK1",0,9.04035054102939,"lkp"
"NTRK2","NTRK2",0,19.7950516214708,"lkp"
"NUMBL","NUMBL",0,39.8869498518009,"lkp"
"NUP107","NUP107",0,170.345541779479,"lkp"
"OAS1","OAS1",0,26.6137960268992,"lkp"
"OAS2","OAS2",0,33.0122509318324,"lkp"
"OAS3","OAS3",0,60.3156942159093,"lkp"
"OASL","OASL",0,19.0470570582421,"lkp"
"OAZ1","OAZ1",0,1650.37055892891,"lkp"
"OLFML2B","OLFML2B",0,15.621477591766,"lkp"
"OSM","OSM",0,21.8951054938564,"lkp"
"OTOA","OTOA",0,37.9289138255313,"lkp"
"P2RY13","P2RY13",0,11.3423001949556,"lkp"
"P4HA1","P4HA1",0,118.881004131048,"lkp"
"P4HA2","P4HA2",0,49.9088180271882,"lkp"
"PAK3","PAK3",0,17.0164897994777,"lkp"
"PALMD","PALMD",0,15.223748627764,"lkp"
"PARP12","PARP12",0,42.1007637536289,"lkp"
"PARP4","PARP4",0,109.086167114427,"lkp"
"PARP9","PARP9",0,41.3263890058796,"lkp"
"PASD1","PASD1",0,14.9613703661729,"lkp"
"PAX3","PAX3",0,26.6584625358402,"lkp"
"PAX5","PAX5",0,45.6376684980019,"lkp"
"PAX8","PAX8",0,17.1694974280788,"lkp"
"PBRM1","PBRM1",0,189.105248081197,"lkp"
"PBX1","PBX1",0,63.9416419403972,"lkp"
"PBX3","PBX3",0,87.4817376722095,"lkp"
"PC","PC",0,126.66151960409,"lkp"
"PCK1","PCK1",0,24.8741799132469,"lkp"
"PCK2","PCK2",0,123.019406540382,"lkp"
"PCNA","PCNA",0,1623.33884940448,"lkp"
"PDCD1","PDCD1",0,31.4809609817284,"bkp"
"PDCD1LG2","PDCD1LG2",0,31.5703529145619,"bkp"
"PDGFA","PDGFA",0,65.6806028990701,"lkp"
"PDGFB","PDGFB",0,21.5169210478016,"lkp"
"PDGFC","PDGFC",0,38.3376208479104,"lkp"
"PDGFD","PDGFD",0,22.4546019234564,"lkp"
"PDGFRA","PDGFRA",0,16.2267899649785,"lkp"
"PDGFRB","PDGFRB",0,14.5758354316013,"lkp"
"PDK1","PDK1",0,106.271099727037,"lkp"
"PDZK1IP1","PDZK1IP1",0,33.5331368797962,"lkp"
"PECAM1","PECAM1",0,28.884727935551,"bkp"
"PFKFB3","PFKFB3",0,84.9188400850247,"lkp"
"PFKM","PFKM",0,27.1711168424482,"lkp"
"PGF","PGF",0,30.0159618303729,"lkp"
"PGPEP1","PGPEP1",0,73.5780966368389,"lkp"
"PHF6","PHF6",0,196.628482781643,"lkp"
"PIAS4","PIAS4",0,71.260140170502,"lkp"
"PIK3CA","PIK3CA",0,78.4437872785911,"lkp"
"PIK3CB","PIK3CB",0,58.1064555675315,"lkp"
"PIK3CD","PIK3CD",0,51.1728111339316,"lkp"
"PIK3CG","PIK3CG",0,26.400828880742,"lkp"
"PIK3R1","PIK3R1",0,63.32302513963,"lkp"
"PIK3R2","PIK3R2",0,86.1092217544503,"lkp"
"PIK3R3","PIK3R3",0,38.0940279665981,"lkp"
"PIK3R5","PIK3R5",0,16.7673937578693,"lkp"
"PIM1","PIM1",0,79.7800387666089,"lkp"
"PITX2","PITX2",0,19.2297872518031,"lkp"
"PKM","PKM",0,2058.83329507936,"lkp"
"PLA1A","PLA1A",0,11.2713040527762,"lkp"
"PLA2G1B","PLA2G1B",0,9.23927226129226,"lkp"
"PLA2G2A","PLA2G2A",0,14.1145330817015,"lkp"
"PLA2G3","PLA2G3",0,11.3557016745592,"lkp"
"PLA2G4A","PLA2G4A",0,28.5424373363328,"lkp"
"PLA2G4C","PLA2G4C",0,17.092020120818,"lkp"
"PLA2G4E","PLA2G4E",0,10.7540884238323,"lkp"
"PLA2G4F","PLA2G4F",0,16.4753481330064,"lkp"
"PLA2G5","PLA2G5",0,9.05010564138479,"lkp"
"PLA2G6","PLA2G6",0,52.480263256409,"lkp"
"PLAT","PLAT",0,27.2446074049811,"lkp"
"PLAU","PLAU",0,36.379411641376,"lkp"
"PLAUR","PLAUR",0,51.918893164438,"lkp"
"PLCB1","PLCB1",0,37.2515256071318,"lkp"
"PLCB4","PLCB4",0,17.756439173515,"lkp"
"PLCE1","PLCE1",0,18.3852875009691,"lkp"
"PLCG2","PLCG2",0,42.1142251388555,"lkp"
"PLD1","PLD1",0,23.8145907962252,"lkp"
"PLOD2","PLOD2",0,68.0211608303272,"lkp"
"PMEL","PMEL",0,235.954996700553,"lkp"
"PML","PML",0,35.6756844999376,"lkp"
"PMS2","PMS2",0,65.9604598132944,"lkp"
"PNMA1","PNMA1",0,42.0459653471769,"lkp"
"PNOC","PNOC",0,13.1565175803245,"lkp"
"POLB","POLB",0,75.9325163255696,"lkp"
"POLD1","POLD1",0,71.6100937291107,"lkp"
"POLD4","POLD4",0,61.2640267165334,"lkp"
"POLE2","POLE2",0,54.5587699690272,"lkp"
"POLR1B","POLR1B",0,80.2203737954188,"lkp"
"POLR2A","POLR2A",0,229.337427387598,"lkp"
"POLR2D","POLR2D",0,139.327046163659,"lkp"
"POLR2H","POLR2H",0,267.030946365413,"lkp"
"POLR2J","POLR2J",0,26.0590307626764,"lkp"
"POU2AF1","POU2AF1",0,60.6847555339767,"lkp"
"POU2F2","POU2F2",0,26.4740243383286,"lkp"
"PPARG","PPARG",0,16.1313376731323,"lkp"
"PPARGC1A","PPARGC1A",0,13.2082673108174,"lkp"
"PPARGC1B","PPARGC1B",0,33.2025071328903,"lkp"
"PPBP","PPBP",0,10.487216904625,"lkp"
"PPP2CB","PPP2CB",0,121.240350952476,"lkp"
"PPP2R2B","PPP2R2B",0,16.1267092367495,"lkp"
"PPP2R2C","PPP2R2C",0,29.8236630494298,"lkp"
"PPP3CA","PPP3CA",0,129.379699173738,"lkp"
"PPP3CB","PPP3CB",0,122.058574450949,"lkp"
"PPP3CC","PPP3CC",0,54.9263942933171,"lkp"
"PPP3R1","PPP3R1",0,265.7336138884,"lkp"
"PPP3R2","PPP3R2",0,10.0472116821656,"lkp"
"PRAME","PRAME",0,22.4774599102731,"lkp"
"PRDM1","PRDM1",0,15.9532220343298,"lkp"
"PRF1","PRF1",0,10.912971814156,"lkp"
"PRG2","PRG2",0,33.2262897587639,"lkp"
"PRKAA2","PRKAA2",0,28.1940365042422,"lkp"
"PRKACA","PRKACA",0,204.014208796003,"lkp"
"PRKACB","PRKACB",0,68.8464056896983,"lkp"
"PRKACG","PRKACG",0,22.5953531101582,"lkp"
"PRKAR1B","PRKAR1B",0,55.1960267349671,"lkp"
"PRKAR2A","PRKAR2A",0,60.8730021819923,"lkp"
"PRKAR2B","PRKAR2B",0,41.0034825544841,"lkp"
"PRKCA","PRKCA",0,46.2087710524606,"lkp"
"PRKCB","PRKCB",0,29.4551499756083,"lkp"
"PRKCD","PRKCD",0,78.1756368654628,"lkp"
"PRKCE","PRKCE",0,25.5940209203998,"lkp"
"PRKCG","PRKCG",0,38.7858467099781,"lkp"
"PRKDC","PRKDC",0,464.874126353436,"lkp"
"PRL","PRL",0,8.86242511612966,"lkp"
"PRLR","PRLR",0,15.2448156024698,"lkp"
"PRMT8","PRMT8",0,8.8668745083774,"lkp"
"PRR5","PRR5",0,23.8137407201315,"lkp"
"PSEN1","PSEN1",0,56.3949921038521,"lkp"
"PSEN2","PSEN2",0,100.932077154609,"lkp"
"PSMB10","PSMB10",0,176.374273592297,"bkp"
"PSMB2","PSMB2",0,268.148298175752,"lkp"
"PSMB5","PSMB5",0,279.379932556919,"lkp"
"PSMB7","PSMB7",0,337.938784884429,"lkp"
"PSMB8","PSMB8",0,141.167066235455,"lkp"
"PSMB9","PSMB9",0,103.23494593893,"lkp"
"PSMD7","PSMD7",0,341.740434013024,"lkp"
"PTCD2","PTCD2",0,45.9972075875885,"lkp"
"PTCH1","PTCH1",0,44.5745064694418,"lkp"
"PTCRA","PTCRA",0,12.7711936472637,"lkp"
"PTEN","PTEN",0,439.036276498131,"bkp"
"PTGDR2","PTGDR2",0,11.4604894816508,"lkp"
"PTGER4","PTGER4",0,28.7974518147415,"lkp"
"PTGS2","PTGS2",0,34.9535579835505,"lkp"
"PTPN11","PTPN11",0,386.175556147489,"lkp"
"PTPN5","PTPN5",0,11.0629321145065,"lkp"
"PTPRC","PTPRC",0,103.973568036008,"bkp"
"PTPRR","PTPRR",0,11.4403087202725,"lkp"
"PVR","PVR",0,74.136859637248,"lkp"
"RAB7A","RAB7A",0,587.624028361432,"lkp"
"RAC1","RAC1",0,377.447874081565,"lkp"
"RAC2","RAC2",0,152.909782111725,"lkp"
"RAD21","RAD21",0,504.436936092153,"lkp"
"RAD50","RAD50",0,125.990399102715,"lkp"
"RAD51","RAD51",0,4070.07360439105,"lkp"
"RAD51C","RAD51C",0,103.861820236012,"lkp"
"RAD52","RAD52",0,72.1553403352612,"lkp"
"RAF1","RAF1",0,126.431623362811,"lkp"
"RAG1","RAG1",0,14.0873529496725,"lkp"
"RASAL1","RASAL1",0,28.4989518258429,"lkp"
"RASGRF1","RASGRF1",0,9.39921955995839,"lkp"
"RASGRF2","RASGRF2",0,18.1782675727917,"lkp"
"RASGRP1","RASGRP1",0,33.2224394070569,"lkp"
"RASGRP2","RASGRP2",0,25.5933063458049,"lkp"
"RB1","RB1",0,106.40956976903,"lkp"
"RBL2","RBL2",0,112.856683357072,"lkp"
"RBX1","RBX1",0,357.256852152975,"lkp"
"REL","REL",0,34.7159751182528,"lkp"
"RELA","RELA",0,149.983294219527,"lkp"
"RELB","RELB",0,27.9795630225203,"lkp"
"RELN","RELN",0,8.50433766736415,"lkp"
"REN","REN",0,9.78468217606822,"lkp"
"REPS1","REPS1",0,65.5360999996109,"lkp"
"RET","RET",0,9.55453277460178,"lkp"
"RFC3","RFC3",0,186.219862531297,"lkp"
"RFC4","RFC4",0,182.922602652691,"lkp"
"RHOA","RHOA",0,975.805956613869,"lkp"
"RICTOR","RICTOR",0,73.2983958876573,"lkp"
"RIPK1","RIPK1",0,45.5819828479823,"lkp"
"RIPK2","RIPK2",0,44.0770265337676,"lkp"
"RIPK3","RIPK3",0,12.599481938391,"lkp"
"RNF43","RNF43",0,14.8553598548133,"lkp"
"RNLS","RNLS",0,18.0672863301661,"lkp"
"ROBO4","ROBO4",0,10.1573111214099,"lkp"
"ROCK1","ROCK1",0,175.442217801004,"lkp"
"ROPN1","ROPN1",0,46.296361034512,"lkp"
"ROR2","ROR2",0,16.1746025054993,"lkp"
"RORA","RORA",0,32.2320450210681,"lkp"
"RORC","RORC",0,13.5748327049756,"lkp"
"RPA3","RPA3",0,11.0388628662345,"lkp"
"RPL7A","RPL7A",0,7895.35110894709,"lkp"
"RPS27A","RPS27A",0,10591.2160978923,"lkp"
"RPS6","RPS6",0,18007.3525611354,"bkp"
"RPS6KA5","RPS6KA5",0,33.640730080249,"lkp"
"RPS6KA6","RPS6KA6",0,14.7738015159195,"lkp"
"RPS6KB1","RPS6KB1",0,84.1976008201252,"lkp"
"RPTOR","RPTOR",0,89.0719205811457,"lkp"
"RRAD","RRAD",0,16.2126370933387,"lkp"
"RRAS2","RRAS2",0,72.728441952056,"lkp"
"RRM2","RRM2",0,521.901104839634,"lkp"
"RSAD2","RSAD2",0,12.695204468466,"lkp"
"RUNX1","RUNX1",0,107.674746502056,"lkp"
"RUNX1T1","RUNX1T1",0,10.7087189688655,"lkp"
"RUNX3","RUNX3",0,36.8282027769162,"lkp"
"RXRG","RXRG",0,11.8028581709196,"lkp"
"S100A12","S100A12",0,11.0255706165597,"lkp"
"S100A8","S100A8",0,14.6968860806823,"lkp"
"S100B","S100B",0,19.1098933552428,"lkp"
"SAMD9","SAMD9",0,41.5256063518707,"lkp"
"SAMSN1","SAMSN1",0,27.5202056364535,"lkp"
"SBNO2","SBNO2",0,53.0400929587091,"lkp"
"SDHA","SDHA",0,423.408644244065,"lkp"
"SELE","SELE",0,11.2655238276511,"lkp"
"SELL","SELL",0,18.3621598150616,"lkp"
"SELP","SELP",0,10.8165638722095,"lkp"
"SELPLG","SELPLG",0,24.9259073253986,"lkp"
"SERPINA1","SERPINA1",0,17.1558798546676,"lkp"
"SERPINB2","SERPINB2",0,22.4414647153462,"lkp"
"SERPINB5","SERPINB5",0,13.8578487717567,"lkp"
"SERPING1","SERPING1",0,26.0033296675697,"lkp"
"SERPINH1","SERPINH1",0,64.0089308959983,"lkp"
"SETBP1","SETBP1",0,22.3691957625502,"lkp"
"SETD2","SETD2",0,145.692091085069,"lkp"
"SF3B1","SF3B1",0,144.7831876654,"lkp"
"SFRP1","SFRP1",0,16.366706812897,"lkp"
"SFRP2","SFRP2",0,10.8986765683855,"lkp"
"SFRP4","SFRP4",0,11.4800741468964,"lkp"
"SFXN1","SFXN1",0,185.535451804065,"lkp"
"SGK1","SGK1",0,63.3038478700827,"lkp"
"SGK2","SGK2",0,25.4113656542154,"lkp"
"SH2B2","SH2B2",0,34.2021242368018,"lkp"
"SH2D1A","SH2D1A",0,31.6402768389316,"lkp"
"SH2D1B","SH2D1B",0,155.312821155099,"lkp"
"SHC1","SHC1",0,185.900417524884,"lkp"
"SHC2","SHC2",0,32.7792073722703,"lkp"
"SHC3","SHC3",0,12.3907647524392,"lkp"
"SHC4","SHC4",0,36.9448651987506,"lkp"
"SIGIRR","SIGIRR",0,23.9797784561651,"lkp"
"SIGLEC1","SIGLEC1",0,10.5200714276747,"lkp"
"SIGLEC5","SIGLEC5",0,11.9510257346705,"lkp"
"SIN3A","SIN3A",0,130.618835366625,"lkp"
"SIRPA","SIRPA",0,37.8671550293297,"lkp"
"SIRPB2","SIRPB2",0,10.2827926515731,"lkp"
"SIRT4","SIRT4",0,15.3499301213052,"lkp"
"SIX1","SIX1",0,41.2102037079897,"lkp"
"SKP1","SKP1",0,30.0879053137385,"lkp"
"SKP2","SKP2",0,172.809518955205,"lkp"
"SLAMF1","SLAMF1",0,11.7310206194076,"lkp"
"SLAMF6","SLAMF6",0,22.1835853486012,"lkp"
"SLAMF7","SLAMF7",0,11.0904755296821,"lkp"
"SLC11A1","SLC11A1",0,770412.619220984,"lkp"
"SLC16A1","SLC16A1",0,132.290297735102,"lkp"
"SLC1A5","SLC1A5",0,455.96693097952,"lkp"
"SLC2A1","SLC2A1",0,35.2790746187611,"lkp"
"SLC7A5","SLC7A5",0,446.858416811431,"lkp"
"SMAD2","SMAD2",0,112.059375000395,"lkp"
"SMAD3","SMAD3",0,77.76262366665,"lkp"
"SMAD4","SMAD4",0,104.631974921186,"lkp"
"SMAD5","SMAD5",0,117.818384438395,"lkp"
"SMAD9","SMAD9",0,24.359536774277,"lkp"
"SMAP1","SMAP1",0,90.2737709024986,"lkp"
"SMARCA4","SMARCA4",0,466.766632768139,"lkp"
"SMC1A","SMC1A",0,177.69032142291,"lkp"
"SMC1B","SMC1B",0,12.6185186311187,"lkp"
"SMC3","SMC3",0,259.484344406777,"lkp"
"SMO","SMO",0,36.0118958196863,"lkp"
"SMPD3","SMPD3",0,28.2184018607414,"lkp"
"SNAI1","SNAI1",0,19.6198211493959,"lkp"
"SNCA","SNCA",0,18.365631669418,"lkp"
"SNRPD3","SNRPD3",0,446.23137056839,"lkp"
"SOCS2","SOCS2",0,29.402119625454,"lkp"
"SOCS3","SOCS3",0,31.3331945593181,"lkp"
"SOD2","SOD2",0,450.23998148183,"bkp"
"SOS1","SOS1",0,118.862069131541,"lkp"
"SOS2","SOS2",0,88.9183187135252,"lkp"
"SOST","SOST",0,54.4617709073009,"lkp"
"SOX10","SOX10",0,281.920584164261,"lkp"
"SOX11","SOX11",0,24.0889930204115,"lkp"
"SOX17","SOX17",0,15.0667793136977,"lkp"
"SOX2","SOX2",0,33.8990859248777,"lkp"
"SOX9","SOX9",0,41.7407259198914,"lkp"
"SP1","SP1",0,103.670104379343,"lkp"
"SPA17","SPA17",0,30.7899177752365,"lkp"
"SPACA3","SPACA3",0,11.1044387509824,"lkp"
"SPIB","SPIB",0,25.1558850947414,"lkp"
"SPINK5","SPINK5",0,12.638807171233,"lkp"
"SPN","SPN",0,36.7246539956737,"lkp"
"SPO11","SPO11",0,9.03635189780667,"lkp"
"SPOP","SPOP",0,102.137652602344,"lkp"
"SPP1","SPP1",0,16.285990706234,"lkp"
"SPRY1","SPRY1",0,40.4399765290862,"lkp"
"SPRY2","SPRY2",0,29.0213296095039,"lkp"
"SPRY4","SPRY4",0,21.098815581151,"lkp"
"SREBF1","SREBF1",0,211.392309327438,"lkp"
"SRP54","SRP54",0,183.656783828427,"lkp"
"ST6GAL1","ST6GAL1",0,83.5152172830399,"lkp"
"STAG2","STAG2",0,188.974417457757,"lkp"
"STAT1","STAT1",0,206.889786806843,"bkp"
"STAT2","STAT2",0,156.702404037561,"bkp"
"STAT3","STAT3",0,270.643477889593,"bkp"
"STAT4","STAT4",0,15.4596086240811,"lkp"
"STAT5B","STAT5B",0,138.427403954026,"lkp"
"STAT6","STAT6",0,107.500373552228,"lkp"
"STC1","STC1",0,19.4569821035699,"lkp"
"STK11","STK11",0,148.261731093751,"lkp"
"STK11IP","STK11IP",0,23.4366407333055,"lkp"
"STMN1","STMN1",0,1263.7556861384,"lkp"
"SUV39H2","SUV39H2",0,86.2131682746329,"lkp"
"SYCP1","SYCP1",0,11.4985452382156,"lkp"
"SYK","SYK",0,40.0473234400386,"lkp"
"SYT17","SYT17",0,18.97444349447,"lkp"
"TAB1","TAB1",0,67.2111160914625,"lkp"
"TAF3","TAF3",0,62.7312648367928,"lkp"
"TAL1","TAL1",0,22.502297922452,"lkp"
"TANK","TANK",0,70.757844154989,"lkp"
"TAP1","TAP1",0,118.240372834037,"lkp"
"TAP2","TAP2",0,101.627231016623,"lkp"
"TAPBP","TAPBP",0,227.174436701401,"lkp"
"TAPBPL","TAPBPL",0,32.6683030224533,"lkp"
"TARP","TARP",0,23.2880406549789,"lkp"
"TBC1D10B","TBC1D10B",0,88.303651187629,"lkp"
"TBK1","TBK1",0,65.8492210703393,"lkp"
"TBL1XR1","TBL1XR1",0,247.359882403106,"lkp"
"TBP","TBP",0,62.5680246998082,"lkp"
"TBX21","TBX21",0,71.5581854516284,"bkp"
"TBXAS1","TBXAS1",0,17.3685162098826,"lkp"
"TCF3","TCF3",0,188.37173757906,"lkp"
"TCF7","TCF7",0,87.3882974232142,"lkp"
"TCF7L1","TCF7L1",0,28.3351175778682,"lkp"
"TCL1A","TCL1A",0,28.785150379591,"lkp"
"TCL1B","TCL1B",0,29.1787642625823,"lkp"
"TDO2","TDO2",0,12.407746710309,"lkp"
"TERT","TERT",0,32.6693956655261,"lkp"
"TET2","TET2",0,56.2903216217418,"lkp"
"TFDP1","TFDP1",0,377.843090634505,"lkp"
"TFE3","TFE3",0,93.8739348457832,"lkp"
"TFEB","TFEB",0,35.4359289455753,"lkp"
"TGFB1","TGFB1",0,123.672481734839,"lkp"
"TGFB2","TGFB2",0,48.4094986201115,"lkp"
"TGFB3","TGFB3",0,19.1770012809008,"lkp"
"TGFBR1","TGFBR1",0,109.665108717522,"lkp"
"TGFBR2","TGFBR2",0,48.4918321516271,"lkp"
"THBD","THBD",0,25.6110133419411,"lkp"
"THBS1","THBS1",0,35.9638917436027,"lkp"
"THBS4","THBS4",0,28.84209379189,"lkp"
"THEM4","THEM4",0,30.948523993081,"lkp"
"THY1","THY1",0,17.2855186534243,"lkp"
"TIAM1","TIAM1",0,49.2716351130365,"lkp"
"TICAM1","TICAM1",0,43.5724879641121,"lkp"
"TIE1","TIE1",0,19.6780910078584,"lkp"
"TIGIT","TIGIT",0,24.1950207989111,"bkp"
"TIRAP","TIRAP",0,27.6568218592351,"lkp"
"TLR1","TLR1",0,17.4052315819327,"lkp"
"TLR10","TLR10",0,13.5522314667175,"lkp"
"TLR2","TLR2",0,13.890192412898,"lkp"
"TLR3","TLR3",0,17.5445016752135,"lkp"
"TLR4","TLR4",0,12.755915994138,"lkp"
"TLR5","TLR5",0,17.9153301747886,"lkp"
"TLR6","TLR6",0,17.9909962923165,"lkp"
"TLR7","TLR7",0,11.2487670999502,"lkp"
"TLR8","TLR8",0,11.2851871354528,"lkp"
"TLR9","TLR9",0,17.5906562865153,"lkp"
"TLX1","TLX1",0,16.1314486589493,"lkp"
"TMEFF2","TMEFF2",0,11.5136120208037,"lkp"
"TMEM140","TMEM140",0,22.3758189326616,"lkp"
"TMEM173","TMEM173",0,62.3535992601039,"lkp"
"TMPRSS2","TMPRSS2",0,13.9542605631834,"lkp"
"TNC","TNC",0,28.8028511310984,"lkp"
"TNF","TNF",0,58.0035823922227,"bkp"
"TNFAIP3","TNFAIP3",0,72.9733187577044,"lkp"
"TNFAIP6","TNFAIP6",0,12.0588947321849,"lkp"
"TNFRSF10A","TNFRSF10A",0,24.8129508018795,"lkp"
"TNFRSF10B","TNFRSF10B",0,174.181107098165,"lkp"
"TNFRSF11A","TNFRSF11A",0,21.898459325186,"lkp"
"TNFRSF11B","TNFRSF11B",0,9.91350531203554,"lkp"
"TNFRSF13B","TNFRSF13B",0,18.6598986422133,"lkp"
"TNFRSF14","TNFRSF14",0,48.1331124570828,"lkp"
"TNFRSF17","TNFRSF17",0,15.8192236567699,"lkp"
"TNFRSF1A","TNFRSF1A",0,133.81326291144,"lkp"
"TNFRSF1B","TNFRSF1B",0,28.9699121861952,"lkp"
"TNFRSF25","TNFRSF25",0,31.8652212256341,"lkp"
"TNFRSF4","TNFRSF4",0,15.1972816940072,"lkp"
"TNFRSF8","TNFRSF8",0,22.0513395137196,"lkp"
"TNFRSF9","TNFRSF9",0,52.1594876567615,"bkp"
"TNFSF10","TNFSF10",0,46.4491911717681,"lkp"
"TNFSF11","TNFSF11",0,11.5988805435676,"lkp"
"TNFSF13","TNFSF13",0,25.1167553279095,"lkp"
"TNFSF13B","TNFSF13B",0,14.1005086298198,"lkp"
"TNFSF14","TNFSF14",0,13.3413765790441,"lkp"
"TNFSF15","TNFSF15",0,11.1758948805163,"lkp"
"TNFSF18","TNFSF18",0,12.3348810587421,"lkp"
"TNFSF4","TNFSF4",0,109.203780996183,"lkp"
"TNFSF8","TNFSF8",0,15.8780804523552,"lkp"
"TNFSF9","TNFSF9",0,513.086920374543,"lkp"
"TNKS","TNKS",0,61.1998267835323,"lkp"
"TNN","TNN",0,11.8566191275923,"lkp"
"TNR","TNR",0,9.71015719442327,"lkp"
"TOLLIP","TOLLIP",0,62.29405834076,"lkp"
"TP53","TP53",0,183.051219269366,"lkp"
"TPI1","TPI1",0,292.044010117919,"lkp"
"TPM1","TPM1",0,198.799611889819,"lkp"
"TPM4","TPM4",0,1138.78464441475,"lkp"
"TPO","TPO",0,11.3346339020875,"lkp"
"TRAF1","TRAF1",0,20.2743516506268,"lkp"
"TRAF2","TRAF2",0,74.2258903689975,"lkp"
"TRAF3","TRAF3",0,80.4720982611946,"lkp"
"TRAF6","TRAF6",0,37.1669800324406,"lkp"
"TRAF7","TRAF7",0,157.506082391964,"lkp"
"TRAT1","TRAT1",0,22.0735989276568,"lkp"
"TREM1","TREM1",0,30.8056357713472,"lkp"
"TREM2","TREM2",0,11.2509657161427,"lkp"
"TRIM21","TRIM21",0,31.1208551759371,"lkp"
"TSHR","TSHR",0,11.5939465833773,"lkp"
"TSLP","TSLP",0,11.1039383898917,"lkp"
"TSPAN7","TSPAN7",0,82.4305393381677,"lkp"
"TTC30A","TTC30A",0,17.5961629253928,"lkp"
"TTK","TTK",0,75.4385536023362,"lkp"
"TUBB","TUBB",0,3730.08389633468,"lkp"
"TWF1","TWF1",0,154.211006666429,"lkp"
"TWIST1","TWIST1",0,31.5109550079832,"lkp"
"TWIST2","TWIST2",0,10.5414658697592,"lkp"
"TXK","TXK",0,14.6489075469055,"lkp"
"TXNIP","TXNIP",0,243.561211717273,"lkp"
"TYK2","TYK2",0,179.105592124931,"lkp"
"TYMP","TYMP",0,48.2228646359183,"lkp"
"TYMS","TYMS",0,712.014839998378,"lkp"
"UBA7","UBA7",0,35.3417823495394,"lkp"
"UBB","UBB",0,19684.1648491121,"lkp"
"UBE2T","UBE2T",0,207.108444636205,"lkp"
"USP9Y","USP9Y",0,10.4784239342234,"lkp"
"UTY","UTY",0,15.7483518329971,"lkp"
"VCAM1","VCAM1",0,11.3264172976902,"lkp"
"VCAN","VCAN",0,32.5971279275562,"lkp"
"VEGFA","VEGFA",0,238.451303186481,"bkp"
"VEGFB","VEGFB",0,205.814054728593,"lkp"
"VEGFC","VEGFC",0,19.4396784110084,"lkp"
"VHL","VHL",0,167.359136383402,"lkp"
"VSIR","VSIR",0,87.12169590123,"bkp"
"VTCN1","VTCN1",0,15.7711135803112,"lkp"
"WDR76","WDR76",0,153.002971819527,"lkp"
"WEE1","WEE1",0,174.376839558465,"lkp"
"WIF1","WIF1",0,12.053502270047,"lkp"
"WNT10A","WNT10A",0,24.2686684412481,"lkp"
"WNT10B","WNT10B",0,13.8566951946572,"lkp"
"WNT11","WNT11",0,14.7071319509466,"lkp"
"WNT16","WNT16",0,12.5796044496936,"lkp"
"WNT2","WNT2",0,7.35176301888494,"lkp"
"WNT2B","WNT2B",0,30.3219292915339,"lkp"
"WNT3","WNT3",0,23.4458586797832,"lkp"
"WNT4","WNT4",0,16.1932234605613,"lkp"
"WNT5A","WNT5A",0,31.9520532447835,"lkp"
"WNT5B","WNT5B",0,255.150868802736,"lkp"
"WNT7A","WNT7A",0,17.8151032669874,"lkp"
"WNT7B","WNT7B",0,44.9520084603421,"lkp"
"WT1","WT1",0,24.3130387354661,"lkp"
"XCL1","XCL1",0,15.7560176182015,"lkp"
"XCR1","XCR1",0,15.3742549124081,"lkp"
"XPA","XPA",0,140.93902844835,"lkp"
"XRCC4","XRCC4",0,37.1165490626938,"lkp"
"YTHDF2","YTHDF2",0,291.84555063103,"lkp"
"ZAP70","ZAP70",0,48.0213369563529,"lkp"
"ZBTB16","ZBTB16",0,20.1755862160237,"lkp"
"ZBTB32","ZBTB32",0,11.761751188645,"lkp"
"ZC3H12A","ZC3H12A",0,70.7452643112664,"lkp"
"ZEB1","ZEB1",0,55.7996266141655,"lkp"
"ZEB2","ZEB2",0,43.1536070833606,"lkp"
"ZIC2","ZIC2",0,58.0404132150473,"lkp"
"ZNF205","ZNF205",0,28.1636007019387,"lkp"
